name,colour
,toy1
,toy2
,toy3
,toy4
,toy5
,toy6
,toy7
,toy8
,toy9
,toy10
,toy11
,toy12
,toy13
,toy14
,toy15
,toy16
,toy17
,toy18
,toy19
,toy20
,toy21
,toy22
,toy23
,toy24
,toy25
,toy26
,toy27
,toy28
,toy29
,toy30
,toy31
,toy32
,toy33
,toy34
,toy35
,toy36
,toy37
,toy38
,toy39
,toy40
,toy41
,toy42
,toy43
,toy44
,toy45
,toy46
,toy47
,toy48
,toy49
,toy50
,toy51
,toy52
,toy53
,toy54
,toy55
,toy56
,toy57
,toy58
,toy59
,toy60
,toy61
,toy62
,toy63
,toy64
,toy65
,toy66
,toy67
,toy68
,toy69
,toy70
,toy71
,toy72
,toy73
,toy74
,toy75
,toy76
,toy77
,toy78
,toy79
,toy80
,toy81
,toy82
,toy83
,toy84
,toy85
,toy86
,toy87
,toy88
,toy89
,toy90
,toy91
,toy92
,toy93
,toy94
,toy95
,toy96
,toy97
,toy98
,toy99
,toy100
,toy101
,toy102
,toy103
,toy104
,toy105
,toy106
,toy107
,toy108
,toy109
,toy110
,toy111
,toy112
,toy113
,toy114
,toy115
,toy116
,toy117
,toy118
,toy119
,toy120
,toy121
,toy122
,toy123
,toy124
,toy125
,toy126
,toy127
,toy128
,toy129
,toy130
,toy131
,toy132
,toy133
,toy134
,toy135
,toy136
,toy137
,toy138
,toy139
,toy140
,toy141
,toy142
,toy143
,toy144
,toy145
,toy146
,toy147
,toy148
,toy149
,toy150
,toy151
,toy152
,toy153
,toy154
,toy155
,toy156
,toy157
,toy158
,toy159
,toy160
,toy161
,toy162
,toy163
,toy164
,toy165
,toy166
,toy167
,toy168
,toy169
,toy170
,toy171
,toy172
,toy173
,toy174
,toy175
,toy176
,toy177
,toy178
,toy179
,toy180
,toy181
,toy182
,toy183
,toy184
,toy185
,toy186
,toy187
,toy188
,toy189
,toy190
,toy191
,toy192
,toy193
,toy194
,toy195
,toy196
,toy197
,toy198
,toy199
,toy200
,toy201
,toy202
,toy203
,toy204
,toy205
,toy206
,toy207
,toy208
,toy209
,toy210
,toy211
,toy212
,toy213
,toy214
,toy215
,toy216
,toy217
,toy218
,toy219
,toy220
,toy221
,toy222
,toy223
,toy224
,toy225
,toy226
,toy227
,toy228
,toy229
,toy230
,toy231
,toy232
,toy233
,toy234
,toy235
,toy236
,toy237
,toy238
,toy239
,toy240
,toy241
,toy242
,toy243
,toy244
,toy245
,toy246
,toy247
,toy248
,toy249
,toy250
,toy251
,toy252
,toy253
,toy254
,toy255
,toy256
,toy257
,toy258
,toy259
,toy260
,toy261
,toy262
,toy263
,toy264
,toy265
,toy266
,toy267
,toy268
,toy269
,toy270
,toy271
,toy272
,toy273
,toy274
,toy275
,toy276
,toy277
,toy278
,toy279
,toy280
,toy281
,toy282
,toy283
,toy284
,toy285
,toy286
,toy287
,toy288
,toy289
,toy290
,toy291
,toy292
,toy293
,toy294
,toy295
,toy296
,toy297
,toy298
,toy299
,toy300
,toy301
,toy302
,toy303
,toy304
,toy305
,toy306
,toy307
,toy308
,toy309
,toy310
,toy311
,toy312
,toy313
,toy314
,toy315
,toy316
,toy317
,toy318
,toy319
,toy320
,toy321
,toy322
,toy323
,toy324
,toy325
,toy326
,toy327
,toy328
,toy329
,toy330
,toy331
,toy332
,toy333
,toy334
,toy335
,toy336
,toy337
,toy338
,toy339
,toy340
,toy341
,toy342
,toy343
,toy344
,toy345
,toy346
,toy347
,toy348
,toy349
,toy350
,toy351
,toy352
,toy353
,toy354
,toy355
,toy356
,toy357
,toy358
,toy359
,toy360
,toy361
,toy362
,toy363
,toy364
,toy365
,toy366
,toy367
,toy368
,toy369
,toy370
,toy371
,toy372
,toy373
,toy374
,toy375
,toy376
,toy377
,toy378
,toy379
,toy380
,toy381
,toy382
,toy383
,toy384
,toy385
,toy386
,toy387
,toy388
,toy389
,toy390
,toy391
,toy392
,toy393
,toy394
,toy395
,toy396
,toy397
,toy398
,toy399
,toy400
,toy401
,toy402
,toy403
,toy404
,toy405
,toy406
,toy407
,toy408
,toy409
,toy410
,toy411
,toy412
,toy413
,toy414
,toy415
,toy416
,toy417
,toy418
,toy419
,toy420
,toy421
,toy422
,toy423
,toy424
,toy425
,toy426
,toy427
,toy428
,toy429
,toy430
,toy431
,toy432
,toy433
,toy434
,toy435
,toy436
,toy437
,toy438
,toy439
,toy440
,toy441
,toy442
,toy443
,toy444
,toy445
,toy446
,toy447
,toy448
,toy449
,toy450
,toy451
,toy452
,toy453
,toy454
,toy455
,toy456
,toy457
,toy458
,toy459
,toy460
,toy461
,toy462
,toy463
,toy464
,toy465
,toy466
,toy467
,toy468
,toy469
,toy470
,toy471
,toy472
,toy473
,toy474
,toy475
,toy476
,toy477
,toy478
,toy479
,toy480
,toy481
,toy482
,toy483
,toy484
,toy485
,toy486
,toy487
,toy488
,toy489
,toy490
,toy491
,toy492
,toy493
,toy494
,toy495
,toy496
,toy497
,toy498
,toy499
,toy500
,toy501
,toy502
,toy503
,toy504
,toy505
,toy506
,toy507
,toy508
,toy509
,toy510
,toy511
,toy512
,toy513
,toy514
,toy515
,toy516
,toy517
,toy518
,toy519
,toy520
,toy521
,toy522
,toy523
,toy524
,toy525
,toy526
,toy527
,toy528
,toy529
,toy530
,toy531
,toy532
,toy533
,toy534
,toy535
,toy536
,toy537
,toy538
,toy539
,toy540
,toy541
,toy542
,toy543
,toy544
,toy545
,toy546
,toy547
,toy548
,toy549
,toy550
,toy551
,toy552
,toy553
,toy554
,toy555
,toy556
,toy557
,toy558
,toy559
,toy560
,toy561
,toy562
,toy563
,toy564
,toy565
,toy566
,toy567
,toy568
,toy569
,toy570
,toy571
,toy572
,toy573
,toy574
,toy575
,toy576
,toy577
,toy578
,toy579
,toy580
,toy581
,toy582
,toy583
,toy584
,toy585
,toy586
,toy587
,toy588
,toy589
,toy590
,toy591
,toy592
,toy593
,toy594
,toy595
,toy596
,toy597
,toy598
,toy599
,toy600
,toy601
,toy602
,toy603
,toy604
,toy605
,toy606
,toy607
,toy608
,toy609
,toy610
,toy611
,toy612
,toy613
,toy614
,toy615
,toy616
,toy617
,toy618
,toy619
,toy620
,toy621
,toy622
,toy623
,toy624
,toy625
,toy626
,toy627
,toy628
,toy629
,toy630
,toy631
,toy632
,toy633
,toy634
,toy635
,toy636
,toy637
,toy638
,toy639
,toy640
,toy641
,toy642
,toy643
,toy644
,toy645
,toy646
,toy647
,toy648
,toy649
,toy650
,toy651
,toy652
,toy653
,toy654
,toy655
,toy656
,toy657
,toy658
,toy659
,toy660
,toy661
,toy662
,toy663
,toy664
,toy665
,toy666
,toy667
,toy668
,toy669
,toy670
,toy671
,toy672
,toy673
,toy674
,toy675
,toy676
,toy677
,toy678
,toy679
,toy680
,toy681
,toy682
,toy683
,toy684
,toy685
,toy686
,toy687
,toy688
,toy689
,toy690
,toy691
,toy692
,toy693
,toy694
,toy695
,toy696
,toy697
,toy698
,toy699
,toy700
,toy701
,toy702
,toy703
,toy704
,toy705
,toy706
,toy707
,toy708
,toy709
,toy710
,toy711
,toy712
,toy713
,toy714
,toy715
,toy716
,toy717
,toy718
,toy719
,toy720
,toy721
,toy722
,toy723
,toy724
,toy725
,toy726
,toy727
,toy728
,toy729
,toy730
,toy731
,toy732
,toy733
,toy734
,toy735
,toy736
,toy737
,toy738
,toy739
,toy740
,toy741
,toy742
,toy743
,toy744
,toy745
,toy746
,toy747
,toy748
,toy749
,toy750
,toy751
,toy752
,toy753
,toy754
,toy755
,toy756
,toy757
,toy758
,toy759
,toy760
,toy761
,toy762
,toy763
,toy764
,toy765
,toy766
,toy767
,toy768
,toy769
,toy770
,toy771
,toy772
,toy773
,toy774
,toy775
,toy776
,toy777
,toy778
,toy779
,toy780
,toy781
,toy782
,toy783
,toy784
,toy785
,toy786
,toy787
,toy788
,toy789
,toy790
,toy791
,toy792
,toy793
,toy794
,toy795
,toy796
,toy797
,toy798
,toy799
,toy800
,toy801
,toy802
,toy803
,toy804
,toy805
,toy806
,toy807
,toy808
,toy809
,toy810
,toy811
,toy812
,toy813
,toy814
,toy815
,toy816
,toy817
,toy818
,toy819
,toy820
,toy821
,toy822
,toy823
,toy824
,toy825
,toy826
,toy827
,toy828
,toy829
,toy830
,toy831
,toy832
,toy833
,toy834
,toy835
,toy836
,toy837
,toy838
,toy839
,toy840
,toy841
,toy842
,toy843
,toy844
,toy845
,toy846
,toy847
,toy848
,toy849
,toy850
,toy851
,toy852
,toy853
,toy854
,toy855
,toy856
,toy857
,toy858
,toy859
,toy860
,toy861
,toy862
,toy863
,toy864
,toy865
,toy866
,toy867
,toy868
,toy869
,toy870
,toy871
,toy872
,toy873
,toy874
,toy875
,toy876
,toy877
,toy878
,toy879
,toy880
,toy881
,toy882
,toy883
,toy884
,toy885
,toy886
,toy887
,toy888
,toy889
,toy890
,toy891
,toy892
,toy893
,toy894
,toy895
,toy896
,toy897
,toy898
,toy899
,toy900
,toy901
,toy902
,toy903
,toy904
,toy905
,toy906
,toy907
,toy908
,toy909
,toy910
,toy911
,toy912
,toy913
,toy914
,toy915
,toy916
,toy917
,toy918
,toy919
,toy920
,toy921
,toy922
,toy923
,toy924
,toy925
,toy926
,toy927
,toy928
,toy929
,toy930
,toy931
,toy932
,toy933
,toy934
,toy935
,toy936
,toy937
,toy938
,toy939
,toy940
,toy941
,toy942
,toy943
,toy944
,toy945
,toy946
,toy947
,toy948
,toy949
,toy950
,toy951
,toy952
,toy953
,toy954
,toy955
,toy956
,toy957
,toy958
,toy959
,toy960
,toy961
,toy962
,toy963
,toy964
,toy965
,toy966
,toy967
,toy968
,toy969
,toy970
,toy971
,toy972
,toy973
,toy974
,toy975
,toy976
,toy977
,toy978
,toy979
,toy980
,toy981
,toy982
,toy983
,toy984
,toy985
,toy986
,toy987
,toy988
,toy989
,toy990
,toy991
,toy992
,toy993
,toy994
,toy995
,toy996
,toy997
,toy998
,toy999
,toy1000
